{"cameraMode":{"drawMode":0,"name":"Shaded","section":"Shading Mode"},"sceneLighting":false,"audioPlay":false,"sceneViewState":{"m_AlwaysRefresh":false,"showFog":true,"showSkybox":false,"showFlares":true,"showImageEffects":true,"showParticleSystems":true,"showVisualEffectGraphs":true,"m_FxEnabled":true},"in2DMode":false,"pivot":{"x":-0.008388343267142773,"y":0.03131725266575813,"z":0.025089513510465623},"rotation":{"x":-0.010890410281717778,"y":0.9644342064857483,"z":-0.26101601123809817,"w":-0.04023938998579979},"size":0.04397735744714737,"orthographic":false}