{"cameraMode":{"drawMode":0,"name":"Shaded","section":"Shading Mode"},"sceneLighting":false,"audioPlay":false,"sceneViewState":{"m_AlwaysRefresh":false,"showFog":true,"showSkybox":false,"showFlares":true,"showImageEffects":true,"showParticleSystems":true,"showVisualEffectGraphs":true,"m_FxEnabled":true},"in2DMode":false,"pivot":{"x":0.002775738248601556,"y":0.007134598214179277,"z":0.0029575261287391187},"rotation":{"x":0.12090618163347244,"y":-0.8408355116844177,"z":0.48401278257369997,"w":0.21004176139831544},"size":0.06919240206480026,"orthographic":false}