{"cameraMode":{"drawMode":0,"name":"Shaded","section":"Shading Mode"},"sceneLighting":false,"audioPlay":false,"sceneViewState":{"m_AlwaysRefresh":false,"showFog":true,"showSkybox":false,"showFlares":true,"showImageEffects":true,"showParticleSystems":true,"showVisualEffectGraphs":true,"m_FxEnabled":true},"in2DMode":false,"pivot":{"x":0.04941612109541893,"y":-0.0650530457496643,"z":-0.0075858598574995998},"rotation":{"x":-0.312668114900589,"y":-0.621322512626648,"z":0.29692965745925906,"w":-0.6542579531669617},"size":0.10828365385532379,"orthographic":false}